asset_id,event_type,failure_mode,degradation_start_ts,failure_ts,downtime_hours
AST-002,FAILURE,BEARING_WEAR,2026-09-04 11:00:00,2026-09-10 11:00:00,75.5
AST-002,FAILURE,BEARING_WEAR,2026-08-14 07:00:00,2026-08-25 07:00:00,120.0
AST-002,FAILURE,BEARING_WEAR,2026-07-11 15:30:00,2026-07-18 15:30:00,92.0
AST-003,FAILURE,OVERHEATING,2026-06-08 18:30:00,2026-06-15 18:30:00,26.0
AST-003,FAILURE,BEARING_WEAR,2026-07-21 16:30:00,2026-08-02 16:30:00,29.5
AST-004,FAILURE,OVERHEATING,2026-06-28 09:00:00,2026-07-10 09:00:00,16.5
AST-004,FAILURE,BEARING_WEAR,2026-07-24 22:00:00,2026-08-02 22:00:00,99.5
AST-005,FAILURE,LUBRICATION_LOSS,2026-07-08 04:00:00,2026-07-14 04:00:00,8.5
AST-006,FAILURE,MOTOR_ELECTRICAL,2026-08-17 00:00:00,2026-08-22 00:00:00,75.5
AST-006,FAILURE,OVERHEATING,2026-09-02 18:30:00,2026-09-11 18:30:00,16.5
AST-006,FAILURE,LUBRICATION_LOSS,2026-07-05 15:30:00,2026-07-15 15:30:00,9.5
AST-007,FAILURE,BEARING_WEAR,2026-09-10 09:00:00,2026-09-16 09:00:00,40.0
AST-007,FAILURE,MOTOR_ELECTRICAL,2026-06-18 18:30:00,2026-06-25 18:30:00,29.5
AST-008,FAILURE,IMBALANCE_MISALIGNMENT,2026-07-19 18:30:00,2026-07-27 18:30:00,15.5
AST-008,FAILURE,OVERHEATING,2026-09-05 08:00:00,2026-09-15 08:00:00,18.0
AST-008,FAILURE,IMBALANCE_MISALIGNMENT,2026-08-21 12:30:00,2026-08-27 12:30:00,14.5
AST-010,FAILURE,IMBALANCE_MISALIGNMENT,2026-09-05 12:30:00,2026-09-13 12:30:00,15.0
AST-010,FAILURE,BEARING_WEAR,2026-06-06 14:30:00,2026-06-16 14:30:00,40.0
AST-010,FAILURE,LUBRICATION_LOSS,2026-08-04 16:00:00,2026-08-09 16:00:00,95.5
AST-011,FAILURE,OVERHEATING,2026-07-01 20:00:00,2026-07-11 20:00:00,20.0
AST-011,FAILURE,IMBALANCE_MISALIGNMENT,2026-08-23 21:00:00,2026-09-03 21:00:00,14.0
AST-012,FAILURE,IMBALANCE_MISALIGNMENT,2026-07-14 19:30:00,2026-07-24 19:30:00,13.5
AST-012,FAILURE,IMBALANCE_MISALIGNMENT,2026-07-31 19:00:00,2026-08-08 19:00:00,21.0
AST-013,FAILURE,IMBALANCE_MISALIGNMENT,2026-06-16 08:30:00,2026-06-23 08:30:00,15.5
AST-014,FAILURE,OVERHEATING,2026-07-24 13:00:00,2026-07-29 13:00:00,18.5
AST-014,FAILURE,LUBRICATION_LOSS,2026-08-10 16:00:00,2026-08-18 16:00:00,13.0
AST-015,FAILURE,OVERHEATING,2026-06-23 08:00:00,2026-07-01 08:00:00,24.0
AST-016,FAILURE,BEARING_WEAR,2026-08-17 02:00:00,2026-08-23 02:00:00,36.5
AST-016,FAILURE,OVERHEATING,2026-06-22 11:00:00,2026-06-29 11:00:00,18.5
AST-017,FAILURE,IMBALANCE_MISALIGNMENT,2026-09-07 14:30:00,2026-09-16 14:30:00,14.0
AST-017,FAILURE,IMBALANCE_MISALIGNMENT,2026-07-11 21:30:00,2026-07-19 21:30:00,18.0
AST-020,FAILURE,MOTOR_ELECTRICAL,2026-07-20 14:30:00,2026-07-30 14:30:00,58.5
AST-021,FAILURE,MOTOR_ELECTRICAL,2026-07-15 06:30:00,2026-07-23 06:30:00,129.0
AST-021,FAILURE,OVERHEATING,2026-06-17 17:30:00,2026-06-22 17:30:00,23.5
AST-025,FAILURE,MOTOR_ELECTRICAL,2026-07-19 19:30:00,2026-07-25 19:30:00,126.5
AST-027,FAILURE,BEARING_WEAR,2026-07-18 18:30:00,2026-07-23 18:30:00,77.0
AST-028,FAILURE,IMBALANCE_MISALIGNMENT,2026-08-23 20:30:00,2026-09-01 20:30:00,18.5
AST-029,FAILURE,OVERHEATING,2026-06-08 01:00:00,2026-06-15 01:00:00,24.0
AST-029,FAILURE,LUBRICATION_LOSS,2026-06-23 19:00:00,2026-07-05 19:00:00,17.5
AST-024,DEGRADING_NOW,MOTOR_ELECTRICAL,2026-09-25 00:00:00,,
AST-013,DEGRADING_NOW,MOTOR_ELECTRICAL,2026-09-24 00:00:00,,
AST-027,DEGRADING_NOW,IMBALANCE_MISALIGNMENT,2026-09-25 00:00:00,,
AST-015,DEGRADING_NOW,BEARING_WEAR,2026-09-25 00:00:00,,
AST-011,DEGRADING_NOW,BEARING_WEAR,2026-09-24 00:00:00,,
AST-009,FALSE_ALARM,,2026-08-06 03:00:00,,
AST-021,FALSE_ALARM,,2026-06-07 12:30:00,,
AST-021,FALSE_ALARM,,2026-07-06 15:00:00,,
AST-005,FALSE_ALARM,,2026-09-12 20:00:00,,
AST-028,FALSE_ALARM,,2026-08-19 20:00:00,,
AST-028,FALSE_ALARM,,2026-07-17 14:30:00,,
AST-026,FALSE_ALARM,,2026-06-26 11:00:00,,
AST-026,FALSE_ALARM,,2026-07-20 08:30:00,,
AST-022,FALSE_ALARM,,2026-06-06 08:30:00,,
