part_id,part_name,used_for_failure_mode,compatible_asset_types,plant,unit_cost_inr,on_hand_qty,reorder_point,lead_time_days,supplier_name
SP-001-PUN,Deep groove bearing 6208,BEARING_WEAR,"MOTOR,PUMP,CONVEYOR,COMPRESSOR",Pune,3908,0,2,16,Supplier 3
SP-001-CHE,Deep groove bearing 6208,BEARING_WEAR,"MOTOR,PUMP,CONVEYOR,COMPRESSOR",Chennai,4067,6,2,26,Supplier 4
SP-001-AUR,Deep groove bearing 6208,BEARING_WEAR,"MOTOR,PUMP,CONVEYOR,COMPRESSOR",Aurangabad,3867,0,2,22,Supplier 7
SP-002-PUN,Spindle bearing set,BEARING_WEAR,CNC_MACHINE,Pune,38907,5,2,17,Supplier 8
SP-002-CHE,Spindle bearing set,BEARING_WEAR,CNC_MACHINE,Chennai,44379,0,2,20,Supplier 3
SP-002-AUR,Spindle bearing set,BEARING_WEAR,CNC_MACHINE,Aurangabad,40777,0,2,12,Supplier 6
SP-003-PUN,Flexible coupling element,IMBALANCE_MISALIGNMENT,"MOTOR,PUMP,COMPRESSOR,CONVEYOR",Pune,6809,6,2,27,Supplier 4
SP-003-CHE,Flexible coupling element,IMBALANCE_MISALIGNMENT,"MOTOR,PUMP,COMPRESSOR,CONVEYOR",Chennai,6114,7,2,24,Supplier 8
SP-003-AUR,Flexible coupling element,IMBALANCE_MISALIGNMENT,"MOTOR,PUMP,COMPRESSOR,CONVEYOR",Aurangabad,6185,4,2,21,Supplier 3
SP-004-PUN,Balancing weight kit,IMBALANCE_MISALIGNMENT,"CNC_MACHINE,PUMP,COMPRESSOR,MOTOR,CONVEYOR",Pune,2058,5,2,6,Supplier 6
SP-004-CHE,Balancing weight kit,IMBALANCE_MISALIGNMENT,"CNC_MACHINE,PUMP,COMPRESSOR,MOTOR,CONVEYOR",Chennai,2314,3,2,13,Supplier 1
SP-004-AUR,Balancing weight kit,IMBALANCE_MISALIGNMENT,"CNC_MACHINE,PUMP,COMPRESSOR,MOTOR,CONVEYOR",Aurangabad,2329,6,2,8,Supplier 2
SP-005-PUN,Cooling fan assembly,OVERHEATING,"CNC_MACHINE,PUMP,COMPRESSOR,MOTOR,CONVEYOR",Pune,4806,6,2,10,Supplier 2
SP-005-CHE,Cooling fan assembly,OVERHEATING,"CNC_MACHINE,PUMP,COMPRESSOR,MOTOR,CONVEYOR",Chennai,5570,5,2,9,Supplier 3
SP-005-AUR,Cooling fan assembly,OVERHEATING,"CNC_MACHINE,PUMP,COMPRESSOR,MOTOR,CONVEYOR",Aurangabad,5164,5,2,7,Supplier 5
SP-006-PUN,Thermostat valve,OVERHEATING,"COMPRESSOR,PUMP,CNC_MACHINE",Pune,2918,4,2,22,Supplier 7
SP-006-CHE,Thermostat valve,OVERHEATING,"COMPRESSOR,PUMP,CNC_MACHINE",Chennai,3039,6,2,19,Supplier 3
SP-006-AUR,Thermostat valve,OVERHEATING,"COMPRESSOR,PUMP,CNC_MACHINE",Aurangabad,2975,2,2,27,Supplier 4
SP-007-PUN,Heat exchanger gasket set,OVERHEATING,COMPRESSOR,Pune,8211,7,2,20,Supplier 8
SP-007-CHE,Heat exchanger gasket set,OVERHEATING,COMPRESSOR,Chennai,8205,3,2,28,Supplier 2
SP-007-AUR,Heat exchanger gasket set,OVERHEATING,COMPRESSOR,Aurangabad,8284,0,2,21,Supplier 1
SP-008-PUN,Lubrication pump,LUBRICATION_LOSS,"CNC_MACHINE,COMPRESSOR",Pune,15443,7,2,12,Supplier 7
SP-008-CHE,Lubrication pump,LUBRICATION_LOSS,"CNC_MACHINE,COMPRESSOR",Chennai,14778,0,2,26,Supplier 1
SP-008-AUR,Lubrication pump,LUBRICATION_LOSS,"CNC_MACHINE,COMPRESSOR",Aurangabad,15391,4,2,13,Supplier 6
SP-009-PUN,Grease cartridge pack,LUBRICATION_LOSS,"CNC_MACHINE,PUMP,COMPRESSOR,MOTOR,CONVEYOR",Pune,1123,1,2,25,Supplier 5
SP-009-CHE,Grease cartridge pack,LUBRICATION_LOSS,"CNC_MACHINE,PUMP,COMPRESSOR,MOTOR,CONVEYOR",Chennai,1233,7,2,23,Supplier 1
SP-009-AUR,Grease cartridge pack,LUBRICATION_LOSS,"CNC_MACHINE,PUMP,COMPRESSOR,MOTOR,CONVEYOR",Aurangabad,1204,7,2,9,Supplier 3
SP-010-PUN,Oil filter,LUBRICATION_LOSS,"COMPRESSOR,PUMP",Pune,1810,3,2,21,Supplier 8
SP-010-CHE,Oil filter,LUBRICATION_LOSS,"COMPRESSOR,PUMP",Chennai,1692,0,2,6,Supplier 7
SP-010-AUR,Oil filter,LUBRICATION_LOSS,"COMPRESSOR,PUMP",Aurangabad,1842,4,2,30,Supplier 6
SP-011-PUN,Motor winding rewind kit,MOTOR_ELECTRICAL,"MOTOR,PUMP,COMPRESSOR,CONVEYOR",Pune,40086,8,2,20,Supplier 4
SP-011-CHE,Motor winding rewind kit,MOTOR_ELECTRICAL,"MOTOR,PUMP,COMPRESSOR,CONVEYOR",Chennai,38859,0,2,27,Supplier 7
SP-011-AUR,Motor winding rewind kit,MOTOR_ELECTRICAL,"MOTOR,PUMP,COMPRESSOR,CONVEYOR",Aurangabad,39567,2,2,16,Supplier 2
SP-012-PUN,Contactor 40A,MOTOR_ELECTRICAL,"CNC_MACHINE,PUMP,COMPRESSOR,MOTOR,CONVEYOR",Pune,4146,0,2,14,Supplier 3
SP-012-CHE,Contactor 40A,MOTOR_ELECTRICAL,"CNC_MACHINE,PUMP,COMPRESSOR,MOTOR,CONVEYOR",Chennai,4228,7,2,30,Supplier 5
SP-012-AUR,Contactor 40A,MOTOR_ELECTRICAL,"CNC_MACHINE,PUMP,COMPRESSOR,MOTOR,CONVEYOR",Aurangabad,4349,1,2,26,Supplier 3
SP-013-PUN,VFD control board,MOTOR_ELECTRICAL,"CNC_MACHINE,CONVEYOR,MOTOR",Pune,25532,0,2,28,Supplier 1
SP-013-CHE,VFD control board,MOTOR_ELECTRICAL,"CNC_MACHINE,CONVEYOR,MOTOR",Chennai,28051,0,2,24,Supplier 3
SP-013-AUR,VFD control board,MOTOR_ELECTRICAL,"CNC_MACHINE,CONVEYOR,MOTOR",Aurangabad,27353,6,2,11,Supplier 1
