wo_id,asset_id,wo_type,priority,status,created_ts,started_ts,completed_ts,cause_code,part_id,part_qty,labor_hours,parts_cost_inr,total_cost_inr,waiting_for_parts_hours,technician,description
WO-00138,AST-020,PREVENTIVE,LOW,COMPLETED,2026-06-04 10:00:00,2026-06-04 10:00:00,2026-06-04 12:00:00,,,0,2.0,0,1700,0.0,K. Nair,"Routine inspection done. Lubrication checked, fasteners tightened, no abnormality found."
WO-00070,AST-003,PREVENTIVE,LOW,COMPLETED,2026-06-05 10:00:00,2026-06-05 10:00:00,2026-06-05 12:00:00,,,0,2.0,0,1700,0.0,R. Patil,"Scheduled service completed. Belts and couplings inspected, no action needed."
WO-00126,AST-017,PREVENTIVE,LOW,COMPLETED,2026-06-05 10:00:00,2026-06-05 10:00:00,2026-06-05 12:00:00,,,0,2.0,0,1700,0.0,K. Nair,"Routine inspection done. Lubrication checked, fasteners tightened, no abnormality found."
WO-00062,AST-001,PREVENTIVE,LOW,COMPLETED,2026-06-06 10:00:00,2026-06-06 10:00:00,2026-06-06 12:00:00,,,0,2.0,0,1700,0.0,D. Kulkarni,"Scheduled service completed. Belts and couplings inspected, no action needed."
WO-00114,AST-014,PREVENTIVE,LOW,COMPLETED,2026-06-07 10:00:00,2026-06-07 10:00:00,2026-06-07 12:00:00,,,0,2.0,0,1700,0.0,M. Deshmukh,"Scheduled service completed. Belts and couplings inspected, no action needed."
WO-00098,AST-010,PREVENTIVE,LOW,COMPLETED,2026-06-08 10:00:00,2026-06-08 10:00:00,2026-06-08 12:00:00,,,0,2.0,0,1700,0.0,R. Patil,"Routine inspection done. Lubrication checked, fasteners tightened, no abnormality found."
WO-00166,AST-027,PREVENTIVE,LOW,COMPLETED,2026-06-09 10:00:00,2026-06-09 10:00:00,2026-06-09 12:00:00,,,0,2.0,0,1700,0.0,V. Joshi,Monthly preventive check completed. Filters cleaned and readings recorded within normal range.
WO-00082,AST-006,PREVENTIVE,LOW,COMPLETED,2026-06-09 10:00:00,2026-06-09 10:00:00,2026-06-09 12:00:00,,,0,2.0,0,1700,0.0,R. Patil,"Scheduled service completed. Belts and couplings inspected, no action needed."
WO-00102,AST-011,PREVENTIVE,LOW,COMPLETED,2026-06-09 10:00:00,2026-06-09 10:00:00,2026-06-09 12:00:00,,,0,2.0,0,1700,0.0,V. Joshi,"Scheduled service completed. Belts and couplings inspected, no action needed."
WO-00154,AST-024,PREVENTIVE,LOW,COMPLETED,2026-06-10 10:00:00,2026-06-10 10:00:00,2026-06-10 12:00:00,,,0,2.0,0,1700,0.0,D. Kulkarni,"Routine inspection done. Lubrication checked, fasteners tightened, no abnormality found."
WO-00090,AST-008,PREVENTIVE,LOW,COMPLETED,2026-06-11 10:00:00,2026-06-11 10:00:00,2026-06-11 12:00:00,,,0,2.0,0,1700,0.0,K. Nair,Monthly preventive check completed. Filters cleaned and readings recorded within normal range.
WO-00142,AST-021,PREVENTIVE,LOW,COMPLETED,2026-06-11 10:00:00,2026-06-11 10:00:00,2026-06-11 12:00:00,,,0,2.0,0,1700,0.0,P. Reddy,"Scheduled service completed. Belts and couplings inspected, no action needed."
WO-00059,AST-029,INSPECTION,MEDIUM,COMPLETED,2026-06-11 13:00:00,2026-06-11 13:00:00,2026-06-11 14:30:00,,,0,1.5,0,1275,0.0,A. Khan,Operator reported casing warmer than usual. Readings slightly above normal. Advised to monitor and re-check within 3 days.
WO-00005,AST-003,INSPECTION,MEDIUM,COMPLETED,2026-06-12 06:30:00,2026-06-12 06:30:00,2026-06-12 08:00:00,,,0,1.5,0,1275,0.0,D. Kulkarni,Operator reported casing warmer than usual. Readings slightly above normal. Advised to monitor and re-check within 3 days.
WO-00086,AST-007,PREVENTIVE,LOW,COMPLETED,2026-06-12 10:00:00,2026-06-12 10:00:00,2026-06-12 12:00:00,,,0,2.0,0,1700,0.0,V. Joshi,"Scheduled service completed. Belts and couplings inspected, no action needed."
WO-00078,AST-005,PREVENTIVE,LOW,COMPLETED,2026-06-13 10:00:00,2026-06-13 10:00:00,2026-06-13 12:00:00,,,0,2.0,0,1700,0.0,R. Patil,Monthly preventive check completed. Filters cleaned and readings recorded within normal range.
WO-00174,AST-029,PREVENTIVE,LOW,COMPLETED,2026-06-14 10:00:00,2026-06-14 10:00:00,2026-06-14 12:00:00,,,0,2.0,0,1700,0.0,D. Kulkarni,Monthly preventive check completed. Filters cleaned and readings recorded within normal range.
WO-00058,AST-029,CORRECTIVE,LOW,COMPLETED,2026-06-15 01:00:00,2026-06-15 05:39:11,2026-06-16 01:00:00,OVERHEATING,SP-005-AUR,1,12.6,5164,15874,0.0,D. Kulkarni,Cooling fan failure caused a high temperature trip. Fan assembly replaced and heat sink cleaned. Running temperature 44 C after restart.
WO-00178,AST-030,PREVENTIVE,LOW,COMPLETED,2026-06-15 10:00:00,2026-06-15 10:00:00,2026-06-15 12:00:00,,,0,2.0,0,1700,0.0,A. Khan,"Scheduled service completed. Belts and couplings inspected, no action needed."
WO-00004,AST-003,CORRECTIVE,MEDIUM,COMPLETED,2026-06-15 18:30:00,2026-06-15 21:29:26,2026-06-16 20:30:00,OVERHEATING,SP-006-PUN,1,7.0,2918,8868,0.0,A. Khan,"Blocked filter and stuck thermostat caused overheating. Cleaned filter, replaced thermostat. Temperature steady at 57 C."
WO-00150,AST-023,PREVENTIVE,LOW,COMPLETED,2026-06-16 10:00:00,2026-06-16 10:00:00,2026-06-16 12:00:00,,,0,2.0,0,1700,0.0,R. Patil,"Scheduled service completed. Belts and couplings inspected, no action needed."
WO-00025,AST-010,CORRECTIVE,MEDIUM,COMPLETED,2026-06-16 14:30:00,2026-06-16 16:37:32,2026-06-18 06:30:00,BEARING_WEAR,SP-001-CHE,1,15.9,4067,17582,0.0,D. Kulkarni,"Drive-end bearing found worn with metal particles in the grease. Replaced bearing, re-greased and checked alignment. Vibration after restart 2.4 mm/s."
WO-00051,AST-021,INSPECTION,MEDIUM,COMPLETED,2026-06-20 05:30:00,2026-06-20 05:30:00,2026-06-20 07:00:00,,,0,1.5,0,1275,0.0,A. Khan,Operator reported casing warmer than usual. Readings slightly above normal. Advised to monitor and re-check within 3 days.
WO-00134,AST-019,PREVENTIVE,LOW,COMPLETED,2026-06-20 10:00:00,2026-06-20 10:00:00,2026-06-20 12:00:00,,,0,2.0,0,1700,0.0,S. Iyer,"Scheduled service completed. Belts and couplings inspected, no action needed."
WO-00170,AST-028,PREVENTIVE,LOW,COMPLETED,2026-06-20 10:00:00,2026-06-20 10:00:00,2026-06-20 12:00:00,,,0,2.0,0,1700,0.0,S. Iyer,"Routine inspection done. Lubrication checked, fasteners tightened, no abnormality found."
WO-00094,AST-009,PREVENTIVE,LOW,COMPLETED,2026-06-21 10:00:00,2026-06-21 10:00:00,2026-06-21 12:00:00,,,0,2.0,0,1700,0.0,S. Iyer,"Routine inspection done. Lubrication checked, fasteners tightened, no abnormality found."
WO-00018,AST-007,INSPECTION,MEDIUM,COMPLETED,2026-06-22 06:30:00,2026-06-22 06:30:00,2026-06-22 08:00:00,,,0,1.5,0,1275,0.0,A. Khan,Operator reported current slightly higher than usual. Readings slightly above normal. Advised to monitor and re-check within 3 days.
WO-00158,AST-025,PREVENTIVE,LOW,COMPLETED,2026-06-22 10:00:00,2026-06-22 10:00:00,2026-06-22 12:00:00,,,0,2.0,0,1700,0.0,R. Patil,"Scheduled service completed. Belts and couplings inspected, no action needed."
WO-00130,AST-018,PREVENTIVE,LOW,COMPLETED,2026-06-22 10:00:00,2026-06-22 10:00:00,2026-06-22 12:00:00,,,0,2.0,0,1700,0.0,A. Khan,Monthly preventive check completed. Filters cleaned and readings recorded within normal range.
WO-00074,AST-004,PREVENTIVE,LOW,COMPLETED,2026-06-22 10:00:00,2026-06-22 10:00:00,2026-06-22 12:00:00,,,0,2.0,0,1700,0.0,P. Reddy,"Scheduled service completed. Belts and couplings inspected, no action needed."
WO-00050,AST-021,CORRECTIVE,LOW,COMPLETED,2026-06-22 17:30:00,2026-06-22 21:15:55,2026-06-23 17:00:00,OVERHEATING,SP-005-PUN,1,5.6,4806,9566,0.0,S. Iyer,"Blocked filter and stuck thermostat caused overheating. Cleaned filter, replaced thermostat. Temperature steady at 58 C."
WO-00034,AST-013,CORRECTIVE,MEDIUM,COMPLETED,2026-06-23 08:30:00,2026-06-23 10:29:15,2026-06-24 00:00:00,IMBALANCE_MISALIGNMENT,SP-004-CHE,1,9.6,2314,10474,0.0,M. Deshmukh,Worn coupling element caused imbalance. Element replaced and shaft re-aligned. Vibration 2.6 mm/s after restart.
WO-00066,AST-002,PREVENTIVE,LOW,COMPLETED,2026-06-23 10:00:00,2026-06-23 10:00:00,2026-06-23 12:00:00,,,0,2.0,0,1700,0.0,V. Joshi,"Scheduled service completed. Belts and couplings inspected, no action needed."
WO-00110,AST-013,PREVENTIVE,LOW,COMPLETED,2026-06-24 10:00:00,2026-06-24 10:00:00,2026-06-24 12:00:00,,,0,2.0,0,1700,0.0,A. Khan,"Routine inspection done. Lubrication checked, fasteners tightened, no abnormality found."
WO-00122,AST-016,PREVENTIVE,LOW,COMPLETED,2026-06-24 10:00:00,2026-06-24 10:00:00,2026-06-24 12:00:00,,,0,2.0,0,1700,0.0,K. Nair,Monthly preventive check completed. Filters cleaned and readings recorded within normal range.
WO-00118,AST-015,PREVENTIVE,LOW,COMPLETED,2026-06-25 10:00:00,2026-06-25 10:00:00,2026-06-25 12:00:00,,,0,2.0,0,1700,0.0,P. Reddy,"Routine inspection done. Lubrication checked, fasteners tightened, no abnormality found."
WO-00017,AST-007,CORRECTIVE,HIGH,COMPLETED,2026-06-25 18:30:00,2026-06-25 19:30:52,2026-06-27 00:00:00,MOTOR_ELECTRICAL,SP-012-CHE,1,3.2,4228,6948,0.0,R. Patil,Motor tripped on over-current. Winding insulation weak and contactor contacts pitted. Replaced contactor and rewound motor. Current normal at 15.5 A.
WO-00043,AST-016,INSPECTION,MEDIUM,COMPLETED,2026-06-25 23:00:00,2026-06-25 23:00:00,2026-06-26 00:30:00,,,0,1.5,0,1275,0.0,M. Deshmukh,Operator reported casing warmer than usual. Readings slightly above normal. Advised to monitor and re-check within 3 days.
WO-00162,AST-026,PREVENTIVE,LOW,COMPLETED,2026-06-26 10:00:00,2026-06-26 10:00:00,2026-06-26 12:00:00,,,0,2.0,0,1700,0.0,D. Kulkarni,"Routine inspection done. Lubrication checked, fasteners tightened, no abnormality found."
WO-00106,AST-012,PREVENTIVE,LOW,COMPLETED,2026-06-26 10:00:00,2026-06-26 10:00:00,2026-06-26 12:00:00,,,0,2.0,0,1700,0.0,A. Khan,Monthly preventive check completed. Filters cleaned and readings recorded within normal range.
WO-00039,AST-015,INSPECTION,MEDIUM,COMPLETED,2026-06-27 08:00:00,2026-06-27 08:00:00,2026-06-27 09:30:00,,,0,1.5,0,1275,0.0,M. Deshmukh,Operator reported casing warmer than usual. Readings slightly above normal. Advised to monitor and re-check within 3 days.
WO-00146,AST-022,PREVENTIVE,LOW,COMPLETED,2026-06-27 10:00:00,2026-06-27 10:00:00,2026-06-27 12:00:00,,,0,2.0,0,1700,0.0,V. Joshi,"Scheduled service completed. Belts and couplings inspected, no action needed."
WO-00042,AST-016,CORRECTIVE,HIGH,COMPLETED,2026-06-29 11:00:00,2026-06-29 11:45:29,2026-06-30 05:30:00,OVERHEATING,SP-006-CHE,1,15.2,3039,15959,0.0,K. Nair,"Blocked filter and stuck thermostat caused overheating. Cleaned filter, replaced thermostat. Temperature steady at 74 C."
WO-00061,AST-029,INSPECTION,MEDIUM,COMPLETED,2026-06-29 19:00:00,2026-06-29 19:00:00,2026-06-29 20:30:00,,,0,1.5,0,1275,0.0,D. Kulkarni,Operator reported grease looking dry. Readings slightly above normal. Advised to monitor and re-check within 3 days.
WO-00038,AST-015,CORRECTIVE,LOW,COMPLETED,2026-07-01 08:00:00,2026-07-01 11:15:58,2026-07-02 08:00:00,OVERHEATING,SP-005-PUN,1,7.3,4806,11011,0.0,M. Deshmukh,"Blocked filter and stuck thermostat caused overheating. Cleaned filter, replaced thermostat. Temperature steady at 70 C."
WO-00139,AST-020,PREVENTIVE,LOW,COMPLETED,2026-07-04 10:00:00,2026-07-04 10:00:00,2026-07-04 12:00:00,,,0,2.0,0,1700,0.0,S. Iyer,"Scheduled service completed. Belts and couplings inspected, no action needed."
WO-00071,AST-003,PREVENTIVE,LOW,COMPLETED,2026-07-05 10:00:00,2026-07-05 10:00:00,2026-07-05 12:00:00,,,0,2.0,0,1700,0.0,K. Nair,Monthly preventive check completed. Filters cleaned and readings recorded within normal range.
WO-00127,AST-017,PREVENTIVE,LOW,COMPLETED,2026-07-05 10:00:00,2026-07-05 10:00:00,2026-07-05 12:00:00,,,0,2.0,0,1700,0.0,K. Nair,"Routine inspection done. Lubrication checked, fasteners tightened, no abnormality found."
WO-00060,AST-029,CORRECTIVE,LOW,COMPLETED,2026-07-05 19:00:00,2026-07-06 00:48:48,2026-07-06 12:30:00,LUBRICATION_LOSS,SP-009-AUR,1,5.0,1204,5454,0.0,D. Kulkarni,Reservoir was empty and grease degraded. Refilled with correct grade and reset the lubrication schedule. Vibration 1.2 mm/s.
WO-00063,AST-001,PREVENTIVE,LOW,COMPLETED,2026-07-06 10:00:00,2026-07-06 10:00:00,2026-07-06 12:00:00,,,0,2.0,0,1700,0.0,V. Joshi,"Routine inspection done. Lubrication checked, fasteners tightened, no abnormality found."
WO-00029,AST-011,INSPECTION,MEDIUM,COMPLETED,2026-07-06 20:00:00,2026-07-06 20:00:00,2026-07-06 21:30:00,,,0,1.5,0,1275,0.0,S. Iyer,Operator reported casing warmer than usual. Readings slightly above normal. Advised to monitor and re-check within 3 days.
WO-00115,AST-014,PREVENTIVE,LOW,COMPLETED,2026-07-07 10:00:00,2026-07-07 10:00:00,2026-07-07 12:00:00,,,0,2.0,0,1700,0.0,R. Patil,"Scheduled service completed. Belts and couplings inspected, no action needed."
WO-00099,AST-010,PREVENTIVE,LOW,COMPLETED,2026-07-08 10:00:00,2026-07-08 10:00:00,2026-07-08 12:00:00,,,0,2.0,0,1700,0.0,V. Joshi,"Scheduled service completed. Belts and couplings inspected, no action needed."
WO-00167,AST-027,PREVENTIVE,LOW,COMPLETED,2026-07-09 10:00:00,2026-07-09 10:00:00,2026-07-09 12:00:00,,,0,2.0,0,1700,0.0,V. Joshi,"Routine inspection done. Lubrication checked, fasteners tightened, no abnormality found."
WO-00103,AST-011,PREVENTIVE,LOW,COMPLETED,2026-07-09 10:00:00,2026-07-09 10:00:00,2026-07-09 12:00:00,,,0,2.0,0,1700,0.0,K. Nair,"Scheduled service completed. Belts and couplings inspected, no action needed."
WO-00083,AST-006,PREVENTIVE,LOW,COMPLETED,2026-07-09 10:00:00,2026-07-09 10:00:00,2026-07-09 12:00:00,,,0,2.0,0,1700,0.0,S. Iyer,"Scheduled service completed. Belts and couplings inspected, no action needed."
WO-00007,AST-004,CORRECTIVE,HIGH,COMPLETED,2026-07-10 09:00:00,2026-07-10 10:10:11,2026-07-11 01:30:00,OVERHEATING,SP-005-CHE,1,6.9,5570,11435,0.0,S. Iyer,"Blocked filter and stuck thermostat caused overheating. Cleaned filter, replaced thermostat. Temperature steady at 54 C."
WO-00155,AST-024,PREVENTIVE,LOW,COMPLETED,2026-07-10 10:00:00,2026-07-10 10:00:00,2026-07-10 12:00:00,,,0,2.0,0,1700,0.0,P. Reddy,"Scheduled service completed. Belts and couplings inspected, no action needed."
WO-00010,AST-005,INSPECTION,MEDIUM,COMPLETED,2026-07-11 04:00:00,2026-07-11 04:00:00,2026-07-11 05:30:00,,,0,1.5,0,1275,0.0,D. Kulkarni,Operator reported grease looking dry. Readings slightly above normal. Advised to monitor and re-check within 3 days.
WO-00143,AST-021,PREVENTIVE,LOW,COMPLETED,2026-07-11 10:00:00,2026-07-11 10:00:00,2026-07-11 12:00:00,,,0,2.0,0,1700,0.0,S. Iyer,Monthly preventive check completed. Filters cleaned and readings recorded within normal range.
WO-00091,AST-008,PREVENTIVE,LOW,COMPLETED,2026-07-11 10:00:00,2026-07-11 10:00:00,2026-07-11 12:00:00,,,0,2.0,0,1700,0.0,P. Reddy,Monthly preventive check completed. Filters cleaned and readings recorded within normal range.
WO-00028,AST-011,CORRECTIVE,HIGH,COMPLETED,2026-07-11 20:00:00,2026-07-11 20:54:22,2026-07-12 16:00:00,OVERHEATING,SP-006-AUR,1,14.5,2975,15300,0.0,V. Joshi,"Blocked filter and stuck thermostat caused overheating. Cleaned filter, replaced thermostat. Temperature steady at 45 C."
WO-00087,AST-007,PREVENTIVE,LOW,COMPLETED,2026-07-12 10:00:00,2026-07-12 10:00:00,2026-07-12 12:00:00,,,0,2.0,0,1700,0.0,V. Joshi,"Scheduled service completed. Belts and couplings inspected, no action needed."
WO-00079,AST-005,PREVENTIVE,LOW,COMPLETED,2026-07-13 10:00:00,2026-07-13 10:00:00,2026-07-13 12:00:00,,,0,2.0,0,1700,0.0,V. Joshi,"Routine inspection done. Lubrication checked, fasteners tightened, no abnormality found."
WO-00009,AST-005,CORRECTIVE,MEDIUM,COMPLETED,2026-07-14 04:00:00,2026-07-14 05:21:31,2026-07-14 12:30:00,LUBRICATION_LOSS,SP-009-AUR,1,13.7,1204,12849,0.0,A. Khan,"Lubrication line blocked, bearing ran dry and temperature rose. Cleaned line, replaced filter and grease, restored lube schedule. Temperature 55 C."
WO-00175,AST-029,PREVENTIVE,LOW,COMPLETED,2026-07-14 10:00:00,2026-07-14 10:00:00,2026-07-14 12:00:00,,,0,2.0,0,1700,0.0,D. Kulkarni,"Routine inspection done. Lubrication checked, fasteners tightened, no abnormality found."
WO-00179,AST-030,PREVENTIVE,LOW,COMPLETED,2026-07-15 10:00:00,2026-07-15 10:00:00,2026-07-15 12:00:00,,,0,2.0,0,1700,0.0,R. Patil,"Routine inspection done. Lubrication checked, fasteners tightened, no abnormality found."
WO-00014,AST-006,CORRECTIVE,HIGH,COMPLETED,2026-07-15 15:30:00,2026-07-15 16:44:08,2026-07-16 01:00:00,LUBRICATION_LOSS,SP-009-PUN,1,15.5,1123,14298,0.0,V. Joshi,Reservoir was empty and grease degraded. Refilled with correct grade and reset the lubrication schedule. Vibration 1.9 mm/s.
WO-00151,AST-023,PREVENTIVE,LOW,COMPLETED,2026-07-16 10:00:00,2026-07-16 10:00:00,2026-07-16 12:00:00,,,0,2.0,0,1700,0.0,M. Deshmukh,Monthly preventive check completed. Filters cleaned and readings recorded within normal range.
WO-00003,AST-002,CORRECTIVE,LOW,COMPLETED,2026-07-18 15:30:00,2026-07-18 17:37:48,2026-07-22 11:30:00,BEARING_WEAR,SP-002-AUR,1,12.3,40777,51232,58.0,M. Deshmukh,"Drive-end bearing found worn with metal particles in the grease. Replaced bearing, re-greased and checked alignment. Vibration after restart 1.9 mm/s. Repair delayed 58 h waiting for spare part Spindle bearing set."
WO-00032,AST-012,INSPECTION,MEDIUM,COMPLETED,2026-07-19 19:30:00,2026-07-19 19:30:00,2026-07-19 21:00:00,,,0,1.5,0,1275,0.0,S. Iyer,Operator reported slight shaking at the base. Readings slightly above normal. Advised to monitor and re-check within 3 days.
WO-00046,AST-017,CORRECTIVE,LOW,COMPLETED,2026-07-19 21:30:00,2026-07-20 01:11:30,2026-07-20 15:30:00,IMBALANCE_MISALIGNMENT,SP-003-AUR,1,15.4,6185,19275,0.0,P. Reddy,Worn coupling element caused imbalance. Element replaced and shaft re-aligned. Vibration 2.7 mm/s after restart.
WO-00135,AST-019,PREVENTIVE,LOW,COMPLETED,2026-07-20 10:00:00,2026-07-20 10:00:00,2026-07-20 12:00:00,,,0,2.0,0,1700,0.0,M. Deshmukh,Monthly preventive check completed. Filters cleaned and readings recorded within normal range.
WO-00171,AST-028,PREVENTIVE,LOW,COMPLETED,2026-07-20 10:00:00,2026-07-20 10:00:00,2026-07-20 12:00:00,,,0,2.0,0,1700,0.0,K. Nair,Monthly preventive check completed. Filters cleaned and readings recorded within normal range.
WO-00055,AST-027,INSPECTION,MEDIUM,COMPLETED,2026-07-21 06:30:00,2026-07-21 06:30:00,2026-07-21 08:00:00,,,0,1.5,0,1275,0.0,M. Deshmukh,Operator reported unusual noise near the bearing. Readings slightly above normal. Advised to monitor and re-check within 3 days.
WO-00095,AST-009,PREVENTIVE,LOW,COMPLETED,2026-07-21 10:00:00,2026-07-21 10:00:00,2026-07-21 12:00:00,,,0,2.0,0,1700,0.0,V. Joshi,"Routine inspection done. Lubrication checked, fasteners tightened, no abnormality found."
WO-00075,AST-004,PREVENTIVE,LOW,COMPLETED,2026-07-22 10:00:00,2026-07-22 10:00:00,2026-07-22 12:00:00,,,0,2.0,0,1700,0.0,A. Khan,"Routine inspection done. Lubrication checked, fasteners tightened, no abnormality found."
WO-00159,AST-025,PREVENTIVE,LOW,COMPLETED,2026-07-22 10:00:00,2026-07-22 10:00:00,2026-07-22 12:00:00,,,0,2.0,0,1700,0.0,V. Joshi,Monthly preventive check completed. Filters cleaned and readings recorded within normal range.
WO-00131,AST-018,PREVENTIVE,LOW,COMPLETED,2026-07-22 10:00:00,2026-07-22 10:00:00,2026-07-22 12:00:00,,,0,2.0,0,1700,0.0,V. Joshi,"Scheduled service completed. Belts and couplings inspected, no action needed."
WO-00053,AST-025,INSPECTION,MEDIUM,COMPLETED,2026-07-22 19:30:00,2026-07-22 19:30:00,2026-07-22 21:00:00,,,0,1.5,0,1275,0.0,V. Joshi,Operator reported current slightly higher than usual. Readings slightly above normal. Advised to monitor and re-check within 3 days.
WO-00049,AST-021,CORRECTIVE,LOW,COMPLETED,2026-07-23 06:30:00,2026-07-23 09:52:31,2026-07-28 15:30:00,MOTOR_ELECTRICAL,SP-013-PUN,1,14.9,25532,38197,89.0,K. Nair,Drive board fault caused current spikes. Board replaced and terminals tightened. Current 27.0 A after restart. Repair delayed 89 h waiting for spare part VFD control board.
WO-00067,AST-002,PREVENTIVE,LOW,COMPLETED,2026-07-23 10:00:00,2026-07-23 10:00:00,2026-07-23 12:00:00,,,0,2.0,0,1700,0.0,R. Patil,"Scheduled service completed. Belts and couplings inspected, no action needed."
WO-00020,AST-008,INSPECTION,MEDIUM,COMPLETED,2026-07-23 18:30:00,2026-07-23 18:30:00,2026-07-23 20:00:00,,,0,1.5,0,1275,0.0,K. Nair,Operator reported slight shaking at the base. Readings slightly above normal. Advised to monitor and re-check within 3 days.
WO-00054,AST-027,CORRECTIVE,LOW,COMPLETED,2026-07-23 18:30:00,2026-07-23 23:40:11,2026-07-26 23:30:00,BEARING_WEAR,SP-001-PUN,1,9.5,3908,11983,43.0,A. Khan,"Noise and high vibration reported before the stop. Bearing race scoring found. Bearing replaced, run test OK at 1.3 mm/s. Repair delayed 43 h waiting for spare part Deep groove bearing 6208."
WO-00111,AST-013,PREVENTIVE,LOW,COMPLETED,2026-07-24 10:00:00,2026-07-24 10:00:00,2026-07-24 12:00:00,,,0,2.0,0,1700,0.0,K. Nair,Monthly preventive check completed. Filters cleaned and readings recorded within normal range.
WO-00123,AST-016,PREVENTIVE,LOW,COMPLETED,2026-07-24 10:00:00,2026-07-24 10:00:00,2026-07-24 12:00:00,,,0,2.0,0,1700,0.0,V. Joshi,"Scheduled service completed. Belts and couplings inspected, no action needed."
WO-00031,AST-012,CORRECTIVE,LOW,COMPLETED,2026-07-24 19:30:00,2026-07-24 22:14:02,2026-07-25 09:00:00,IMBALANCE_MISALIGNMENT,SP-003-PUN,1,15.9,6809,20324,0.0,D. Kulkarni,"Coupling bolts loose and slight shaft misalignment found. Re-aligned, tightened foundation bolts and balanced the rotor. Vibration back to 2.2 mm/s."
WO-00119,AST-015,PREVENTIVE,LOW,COMPLETED,2026-07-25 10:00:00,2026-07-25 10:00:00,2026-07-25 12:00:00,,,0,2.0,0,1700,0.0,V. Joshi,"Scheduled service completed. Belts and couplings inspected, no action needed."
WO-00048,AST-020,INSPECTION,MEDIUM,COMPLETED,2026-07-25 14:30:00,2026-07-25 14:30:00,2026-07-25 16:00:00,,,0,1.5,0,1275,0.0,K. Nair,Operator reported current slightly higher than usual. Readings slightly above normal. Advised to monitor and re-check within 3 days.
WO-00052,AST-025,CORRECTIVE,MEDIUM,COMPLETED,2026-07-25 19:30:00,2026-07-25 20:52:02,2026-07-31 02:00:00,MOTOR_ELECTRICAL,SP-011-CHE,1,4.5,38859,42684,93.0,M. Deshmukh,Motor tripped on over-current. Winding insulation weak and contactor contacts pitted. Replaced contactor and rewound motor. Current normal at 11.1 A. Repair delayed 93 h waiting for spare part Motor winding rewind kit.
WO-00107,AST-012,PREVENTIVE,LOW,COMPLETED,2026-07-26 10:00:00,2026-07-26 10:00:00,2026-07-26 12:00:00,,,0,2.0,0,1700,0.0,R. Patil,"Scheduled service completed. Belts and couplings inspected, no action needed."
WO-00163,AST-026,PREVENTIVE,LOW,COMPLETED,2026-07-26 10:00:00,2026-07-26 10:00:00,2026-07-26 12:00:00,,,0,2.0,0,1700,0.0,D. Kulkarni,Monthly preventive check completed. Filters cleaned and readings recorded within normal range.
WO-00036,AST-014,INSPECTION,MEDIUM,COMPLETED,2026-07-27 01:00:00,2026-07-27 01:00:00,2026-07-27 02:30:00,,,0,1.5,0,1275,0.0,P. Reddy,Operator reported casing warmer than usual. Readings slightly above normal. Advised to monitor and re-check within 3 days.
WO-00147,AST-022,PREVENTIVE,LOW,COMPLETED,2026-07-27 10:00:00,2026-07-27 10:00:00,2026-07-27 12:00:00,,,0,2.0,0,1700,0.0,A. Khan,"Scheduled service completed. Belts and couplings inspected, no action needed."
WO-00019,AST-008,CORRECTIVE,HIGH,COMPLETED,2026-07-27 18:30:00,2026-07-27 19:16:54,2026-07-28 10:00:00,IMBALANCE_MISALIGNMENT,SP-004-AUR,1,4.5,2329,6154,0.0,A. Khan,"Coupling bolts loose and slight shaft misalignment found. Re-aligned, tightened foundation bolts and balanced the rotor. Vibration back to 2.2 mm/s."
WO-00035,AST-014,CORRECTIVE,MEDIUM,COMPLETED,2026-07-29 13:00:00,2026-07-29 14:23:45,2026-07-30 07:30:00,OVERHEATING,SP-006-AUR,1,8.2,2975,9945,0.0,S. Iyer,Cooling fan failure caused a high temperature trip. Fan assembly replaced and heat sink cleaned. Running temperature 70 C after restart.
WO-00047,AST-020,CORRECTIVE,MEDIUM,COMPLETED,2026-07-30 14:30:00,2026-07-30 17:20:46,2026-08-02 01:00:00,MOTOR_ELECTRICAL,SP-012-AUR,1,15.3,4349,17354,0.0,R. Patil,Motor tripped on over-current. Winding insulation weak and contactor contacts pitted. Replaced contactor and rewound motor. Current normal at 25.6 A.
WO-00006,AST-003,CORRECTIVE,MEDIUM,COMPLETED,2026-08-02 16:30:00,2026-08-02 17:44:46,2026-08-03 22:00:00,BEARING_WEAR,SP-002-PUN,1,12.8,38907,49787,0.0,V. Joshi,"Drive-end bearing found worn with metal particles in the grease. Replaced bearing, re-greased and checked alignment. Vibration after restart 1.7 mm/s."
WO-00008,AST-004,CORRECTIVE,HIGH,COMPLETED,2026-08-02 22:00:00,2026-08-02 23:00:58,2026-08-07 01:30:00,BEARING_WEAR,SP-002-CHE,1,8.9,44379,51944,59.0,P. Reddy,"Noise and high vibration reported before the stop. Bearing race scoring found. Bearing replaced, run test OK at 1.6 mm/s. Repair delayed 59 h waiting for spare part Spindle bearing set."
WO-00140,AST-020,PREVENTIVE,LOW,COMPLETED,2026-08-03 10:00:00,2026-08-03 10:00:00,2026-08-03 12:00:00,,,0,2.0,0,1700,0.0,V. Joshi,"Routine inspection done. Lubrication checked, fasteners tightened, no abnormality found."
WO-00072,AST-003,PREVENTIVE,LOW,COMPLETED,2026-08-04 10:00:00,2026-08-04 10:00:00,2026-08-04 12:00:00,,,0,2.0,0,1700,0.0,V. Joshi,"Routine inspection done. Lubrication checked, fasteners tightened, no abnormality found."
WO-00128,AST-017,PREVENTIVE,LOW,COMPLETED,2026-08-04 10:00:00,2026-08-04 10:00:00,2026-08-04 12:00:00,,,0,2.0,0,1700,0.0,R. Patil,Monthly preventive check completed. Filters cleaned and readings recorded within normal range.
WO-00064,AST-001,PREVENTIVE,LOW,COMPLETED,2026-08-05 10:00:00,2026-08-05 10:00:00,2026-08-05 12:00:00,,,0,2.0,0,1700,0.0,K. Nair,"Scheduled service completed. Belts and couplings inspected, no action needed."
WO-00116,AST-014,PREVENTIVE,LOW,COMPLETED,2026-08-06 10:00:00,2026-08-06 10:00:00,2026-08-06 12:00:00,,,0,2.0,0,1700,0.0,M. Deshmukh,"Scheduled service completed. Belts and couplings inspected, no action needed."
WO-00027,AST-010,INSPECTION,MEDIUM,COMPLETED,2026-08-07 04:00:00,2026-08-07 04:00:00,2026-08-07 05:30:00,,,0,1.5,0,1275,0.0,D. Kulkarni,Operator reported grease looking dry. Readings slightly above normal. Advised to monitor and re-check within 3 days.
WO-00100,AST-010,PREVENTIVE,LOW,COMPLETED,2026-08-07 10:00:00,2026-08-07 10:00:00,2026-08-07 12:00:00,,,0,2.0,0,1700,0.0,M. Deshmukh,Monthly preventive check completed. Filters cleaned and readings recorded within normal range.
WO-00084,AST-006,PREVENTIVE,LOW,COMPLETED,2026-08-08 10:00:00,2026-08-08 10:00:00,2026-08-08 12:00:00,,,0,2.0,0,1700,0.0,M. Deshmukh,"Routine inspection done. Lubrication checked, fasteners tightened, no abnormality found."
WO-00168,AST-027,PREVENTIVE,LOW,COMPLETED,2026-08-08 10:00:00,2026-08-08 10:00:00,2026-08-08 12:00:00,,,0,2.0,0,1700,0.0,M. Deshmukh,"Routine inspection done. Lubrication checked, fasteners tightened, no abnormality found."
WO-00104,AST-011,PREVENTIVE,LOW,COMPLETED,2026-08-08 10:00:00,2026-08-08 10:00:00,2026-08-08 12:00:00,,,0,2.0,0,1700,0.0,V. Joshi,Monthly preventive check completed. Filters cleaned and readings recorded within normal range.
WO-00033,AST-012,CORRECTIVE,LOW,COMPLETED,2026-08-08 19:00:00,2026-08-09 00:47:29,2026-08-09 16:00:00,IMBALANCE_MISALIGNMENT,SP-003-PUN,1,11.1,6809,16244,0.0,R. Patil,"Coupling bolts loose and slight shaft misalignment found. Re-aligned, tightened foundation bolts and balanced the rotor. Vibration back to 2.5 mm/s."
WO-00156,AST-024,PREVENTIVE,LOW,COMPLETED,2026-08-09 10:00:00,2026-08-09 10:00:00,2026-08-09 12:00:00,,,0,2.0,0,1700,0.0,S. Iyer,Monthly preventive check completed. Filters cleaned and readings recorded within normal range.
WO-00026,AST-010,CORRECTIVE,MEDIUM,COMPLETED,2026-08-09 16:00:00,2026-08-09 18:36:50,2026-08-13 15:30:00,LUBRICATION_LOSS,SP-010-CHE,1,11.3,1692,11297,84.0,A. Khan,"Lubrication line blocked, bearing ran dry and temperature rose. Cleaned line, replaced filter and grease, restored lube schedule. Temperature 50 C. Repair delayed 84 h waiting for spare part Oil filter."
WO-00092,AST-008,PREVENTIVE,LOW,COMPLETED,2026-08-10 10:00:00,2026-08-10 10:00:00,2026-08-10 12:00:00,,,0,2.0,0,1700,0.0,A. Khan,"Routine inspection done. Lubrication checked, fasteners tightened, no abnormality found."
WO-00144,AST-021,PREVENTIVE,LOW,COMPLETED,2026-08-10 10:00:00,2026-08-10 10:00:00,2026-08-10 12:00:00,,,0,2.0,0,1700,0.0,K. Nair,"Scheduled service completed. Belts and couplings inspected, no action needed."
WO-00088,AST-007,PREVENTIVE,LOW,COMPLETED,2026-08-11 10:00:00,2026-08-11 10:00:00,2026-08-11 12:00:00,,,0,2.0,0,1700,0.0,D. Kulkarni,"Scheduled service completed. Belts and couplings inspected, no action needed."
WO-00080,AST-005,PREVENTIVE,LOW,COMPLETED,2026-08-12 10:00:00,2026-08-12 10:00:00,2026-08-12 12:00:00,,,0,2.0,0,1700,0.0,V. Joshi,"Scheduled service completed. Belts and couplings inspected, no action needed."
WO-00176,AST-029,PREVENTIVE,LOW,COMPLETED,2026-08-13 10:00:00,2026-08-13 10:00:00,2026-08-13 12:00:00,,,0,2.0,0,1700,0.0,R. Patil,"Routine inspection done. Lubrication checked, fasteners tightened, no abnormality found."
WO-00180,AST-030,PREVENTIVE,LOW,COMPLETED,2026-08-14 10:00:00,2026-08-14 10:00:00,2026-08-14 12:00:00,,,0,2.0,0,1700,0.0,S. Iyer,Monthly preventive check completed. Filters cleaned and readings recorded within normal range.
WO-00152,AST-023,PREVENTIVE,LOW,COMPLETED,2026-08-15 10:00:00,2026-08-15 10:00:00,2026-08-15 12:00:00,,,0,2.0,0,1700,0.0,A. Khan,"Routine inspection done. Lubrication checked, fasteners tightened, no abnormality found."
WO-00037,AST-014,CORRECTIVE,MEDIUM,COMPLETED,2026-08-18 16:00:00,2026-08-18 17:56:50,2026-08-19 05:00:00,LUBRICATION_LOSS,SP-010-AUR,1,7.8,1842,8472,0.0,M. Deshmukh,"Lubrication line blocked, bearing ran dry and temperature rose. Cleaned line, replaced filter and grease, restored lube schedule. Temperature 69 C."
WO-00136,AST-019,PREVENTIVE,LOW,COMPLETED,2026-08-19 10:00:00,2026-08-19 10:00:00,2026-08-19 12:00:00,,,0,2.0,0,1700,0.0,K. Nair,"Routine inspection done. Lubrication checked, fasteners tightened, no abnormality found."
WO-00172,AST-028,PREVENTIVE,LOW,COMPLETED,2026-08-19 10:00:00,2026-08-19 10:00:00,2026-08-19 12:00:00,,,0,2.0,0,1700,0.0,S. Iyer,"Scheduled service completed. Belts and couplings inspected, no action needed."
WO-00012,AST-006,INSPECTION,MEDIUM,COMPLETED,2026-08-19 12:00:00,2026-08-19 12:00:00,2026-08-19 13:30:00,,,0,1.5,0,1275,0.0,S. Iyer,Operator reported current slightly higher than usual. Readings slightly above normal. Advised to monitor and re-check within 3 days.
WO-00041,AST-016,INSPECTION,MEDIUM,COMPLETED,2026-08-20 02:00:00,2026-08-20 02:00:00,2026-08-20 03:30:00,,,0,1.5,0,1275,0.0,M. Deshmukh,Operator reported unusual noise near the bearing. Readings slightly above normal. Advised to monitor and re-check within 3 days.
WO-00096,AST-009,PREVENTIVE,LOW,COMPLETED,2026-08-20 10:00:00,2026-08-20 10:00:00,2026-08-20 12:00:00,,,0,2.0,0,1700,0.0,A. Khan,"Scheduled service completed. Belts and couplings inspected, no action needed."
WO-00160,AST-025,PREVENTIVE,LOW,COMPLETED,2026-08-21 10:00:00,2026-08-21 10:00:00,2026-08-21 12:00:00,,,0,2.0,0,1700,0.0,S. Iyer,"Routine inspection done. Lubrication checked, fasteners tightened, no abnormality found."
WO-00132,AST-018,PREVENTIVE,LOW,COMPLETED,2026-08-21 10:00:00,2026-08-21 10:00:00,2026-08-21 12:00:00,,,0,2.0,0,1700,0.0,S. Iyer,"Routine inspection done. Lubrication checked, fasteners tightened, no abnormality found."
WO-00076,AST-004,PREVENTIVE,LOW,COMPLETED,2026-08-21 10:00:00,2026-08-21 10:00:00,2026-08-21 12:00:00,,,0,2.0,0,1700,0.0,K. Nair,Monthly preventive check completed. Filters cleaned and readings recorded within normal range.
WO-00011,AST-006,CORRECTIVE,HIGH,COMPLETED,2026-08-22 00:00:00,2026-08-22 01:28:11,2026-08-25 03:30:00,MOTOR_ELECTRICAL,SP-012-PUN,1,5.0,4146,8396,40.0,M. Deshmukh,Drive board fault caused current spikes. Board replaced and terminals tightened. Current 20.0 A after restart. Repair delayed 40 h waiting for spare part Contactor 40A.
WO-00068,AST-002,PREVENTIVE,LOW,COMPLETED,2026-08-22 10:00:00,2026-08-22 10:00:00,2026-08-22 12:00:00,,,0,2.0,0,1700,0.0,V. Joshi,"Routine inspection done. Lubrication checked, fasteners tightened, no abnormality found."
WO-00040,AST-016,CORRECTIVE,HIGH,COMPLETED,2026-08-23 02:00:00,2026-08-23 03:19:02,2026-08-24 14:30:00,BEARING_WEAR,SP-001-CHE,1,5.4,4067,8657,0.0,P. Reddy,"Noise and high vibration reported before the stop. Bearing race scoring found. Bearing replaced, run test OK at 2.8 mm/s."
WO-00124,AST-016,PREVENTIVE,LOW,COMPLETED,2026-08-23 10:00:00,2026-08-23 10:00:00,2026-08-23 12:00:00,,,0,2.0,0,1700,0.0,V. Joshi,"Scheduled service completed. Belts and couplings inspected, no action needed."
WO-00112,AST-013,PREVENTIVE,LOW,COMPLETED,2026-08-23 10:00:00,2026-08-23 10:00:00,2026-08-23 12:00:00,,,0,2.0,0,1700,0.0,A. Khan,"Scheduled service completed. Belts and couplings inspected, no action needed."
WO-00120,AST-015,PREVENTIVE,LOW,COMPLETED,2026-08-24 10:00:00,2026-08-24 10:00:00,2026-08-24 12:00:00,,,0,2.0,0,1700,0.0,S. Iyer,"Routine inspection done. Lubrication checked, fasteners tightened, no abnormality found."
WO-00023,AST-008,INSPECTION,MEDIUM,COMPLETED,2026-08-24 12:30:00,2026-08-24 12:30:00,2026-08-24 14:00:00,,,0,1.5,0,1275,0.0,K. Nair,Operator reported slight shaking at the base. Readings slightly above normal. Advised to monitor and re-check within 3 days.
WO-00002,AST-002,CORRECTIVE,LOW,COMPLETED,2026-08-25 07:00:00,2026-08-25 12:39:27,2026-08-30 07:00:00,BEARING_WEAR,SP-002-AUR,1,15.1,40777,53612,85.0,M. Deshmukh,"Noise and high vibration reported before the stop. Bearing race scoring found. Bearing replaced, run test OK at 1.8 mm/s. Repair delayed 85 h waiting for spare part Spindle bearing set."
WO-00108,AST-012,PREVENTIVE,LOW,COMPLETED,2026-08-25 10:00:00,2026-08-25 10:00:00,2026-08-25 12:00:00,,,0,2.0,0,1700,0.0,A. Khan,"Routine inspection done. Lubrication checked, fasteners tightened, no abnormality found."
WO-00164,AST-026,PREVENTIVE,LOW,COMPLETED,2026-08-25 10:00:00,2026-08-25 10:00:00,2026-08-25 12:00:00,,,0,2.0,0,1700,0.0,P. Reddy,"Scheduled service completed. Belts and couplings inspected, no action needed."
WO-00148,AST-022,PREVENTIVE,LOW,COMPLETED,2026-08-26 10:00:00,2026-08-26 10:00:00,2026-08-26 12:00:00,,,0,2.0,0,1700,0.0,P. Reddy,Monthly preventive check completed. Filters cleaned and readings recorded within normal range.
WO-00022,AST-008,CORRECTIVE,HIGH,COMPLETED,2026-08-27 12:30:00,2026-08-27 13:03:55,2026-08-28 03:00:00,IMBALANCE_MISALIGNMENT,SP-004-AUR,1,11.1,2329,11764,0.0,D. Kulkarni,"Coupling bolts loose and slight shaft misalignment found. Re-aligned, tightened foundation bolts and balanced the rotor. Vibration back to 2.4 mm/s."
WO-00057,AST-028,INSPECTION,MEDIUM,COMPLETED,2026-08-28 08:30:00,2026-08-28 08:30:00,2026-08-28 10:00:00,,,0,1.5,0,1275,0.0,D. Kulkarni,Operator reported slight shaking at the base. Readings slightly above normal. Advised to monitor and re-check within 3 days.
WO-00056,AST-028,CORRECTIVE,LOW,COMPLETED,2026-09-01 20:30:00,2026-09-01 23:08:37,2026-09-02 15:00:00,IMBALANCE_MISALIGNMENT,SP-003-CHE,1,4.9,6114,10279,0.0,A. Khan,Worn coupling element caused imbalance. Element replaced and shaft re-aligned. Vibration 1.4 mm/s after restart.
WO-00141,AST-020,PREVENTIVE,LOW,COMPLETED,2026-09-02 10:00:00,2026-09-02 10:00:00,2026-09-02 12:00:00,,,0,2.0,0,1700,0.0,P. Reddy,Monthly preventive check completed. Filters cleaned and readings recorded within normal range.
WO-00129,AST-017,PREVENTIVE,LOW,COMPLETED,2026-09-03 10:00:00,2026-09-03 10:00:00,2026-09-03 12:00:00,,,0,2.0,0,1700,0.0,K. Nair,Monthly preventive check completed. Filters cleaned and readings recorded within normal range.
WO-00073,AST-003,PREVENTIVE,LOW,COMPLETED,2026-09-03 10:00:00,2026-09-03 10:00:00,2026-09-03 12:00:00,,,0,2.0,0,1700,0.0,M. Deshmukh,"Scheduled service completed. Belts and couplings inspected, no action needed."
WO-00030,AST-011,CORRECTIVE,HIGH,COMPLETED,2026-09-03 21:00:00,2026-09-03 22:04:46,2026-09-04 11:00:00,IMBALANCE_MISALIGNMENT,SP-004-AUR,1,14.5,2329,14654,0.0,A. Khan,"Coupling bolts loose and slight shaft misalignment found. Re-aligned, tightened foundation bolts and balanced the rotor. Vibration back to 2.3 mm/s."
WO-00065,AST-001,PREVENTIVE,LOW,COMPLETED,2026-09-04 10:00:00,2026-09-04 10:00:00,2026-09-04 12:00:00,,,0,2.0,0,1700,0.0,S. Iyer,Monthly preventive check completed. Filters cleaned and readings recorded within normal range.
WO-00117,AST-014,PREVENTIVE,LOW,COMPLETED,2026-09-05 10:00:00,2026-09-05 10:00:00,2026-09-05 12:00:00,,,0,2.0,0,1700,0.0,V. Joshi,"Scheduled service completed. Belts and couplings inspected, no action needed."
WO-00101,AST-010,PREVENTIVE,LOW,COMPLETED,2026-09-06 10:00:00,2026-09-06 10:00:00,2026-09-06 12:00:00,,,0,2.0,0,1700,0.0,M. Deshmukh,"Scheduled service completed. Belts and couplings inspected, no action needed."
WO-00105,AST-011,PREVENTIVE,LOW,COMPLETED,2026-09-07 10:00:00,2026-09-07 10:00:00,2026-09-07 12:00:00,,,0,2.0,0,1700,0.0,A. Khan,Monthly preventive check completed. Filters cleaned and readings recorded within normal range.
WO-00085,AST-006,PREVENTIVE,LOW,COMPLETED,2026-09-07 10:00:00,2026-09-07 10:00:00,2026-09-07 12:00:00,,,0,2.0,0,1700,0.0,M. Deshmukh,Monthly preventive check completed. Filters cleaned and readings recorded within normal range.
WO-00169,AST-027,PREVENTIVE,LOW,COMPLETED,2026-09-07 10:00:00,2026-09-07 10:00:00,2026-09-07 12:00:00,,,0,2.0,0,1700,0.0,M. Deshmukh,Monthly preventive check completed. Filters cleaned and readings recorded within normal range.
WO-00157,AST-024,PREVENTIVE,LOW,COMPLETED,2026-09-08 10:00:00,2026-09-08 10:00:00,2026-09-08 12:00:00,,,0,2.0,0,1700,0.0,D. Kulkarni,"Scheduled service completed. Belts and couplings inspected, no action needed."
WO-00145,AST-021,PREVENTIVE,LOW,COMPLETED,2026-09-09 10:00:00,2026-09-09 10:00:00,2026-09-09 12:00:00,,,0,2.0,0,1700,0.0,A. Khan,"Routine inspection done. Lubrication checked, fasteners tightened, no abnormality found."
WO-00093,AST-008,PREVENTIVE,LOW,COMPLETED,2026-09-09 10:00:00,2026-09-09 10:00:00,2026-09-09 12:00:00,,,0,2.0,0,1700,0.0,S. Iyer,"Routine inspection done. Lubrication checked, fasteners tightened, no abnormality found."
WO-00089,AST-007,PREVENTIVE,LOW,COMPLETED,2026-09-10 10:00:00,2026-09-10 10:00:00,2026-09-10 12:00:00,,,0,2.0,0,1700,0.0,R. Patil,"Scheduled service completed. Belts and couplings inspected, no action needed."
WO-00001,AST-002,CORRECTIVE,LOW,COMPLETED,2026-09-10 11:00:00,2026-09-10 15:17:59,2026-09-13 14:30:00,BEARING_WEAR,SP-002-AUR,1,12.0,40777,50977,36.0,M. Deshmukh,"Noise and high vibration reported before the stop. Bearing race scoring found. Bearing replaced, run test OK at 1.9 mm/s. Repair delayed 36 h waiting for spare part Spindle bearing set."
WO-00081,AST-005,PREVENTIVE,LOW,COMPLETED,2026-09-11 10:00:00,2026-09-11 10:00:00,2026-09-11 12:00:00,,,0,2.0,0,1700,0.0,R. Patil,Monthly preventive check completed. Filters cleaned and readings recorded within normal range.
WO-00013,AST-006,CORRECTIVE,HIGH,COMPLETED,2026-09-11 18:30:00,2026-09-11 19:02:25,2026-09-12 11:00:00,OVERHEATING,SP-006-PUN,1,2.2,2918,4788,0.0,P. Reddy,"Blocked filter and stuck thermostat caused overheating. Cleaned filter, replaced thermostat. Temperature steady at 54 C."
WO-00045,AST-017,INSPECTION,MEDIUM,COMPLETED,2026-09-12 02:30:00,2026-09-12 02:30:00,2026-09-12 04:00:00,,,0,1.5,0,1275,0.0,K. Nair,Operator reported slight shaking at the base. Readings slightly above normal. Advised to monitor and re-check within 3 days.
WO-00177,AST-029,PREVENTIVE,LOW,COMPLETED,2026-09-12 10:00:00,2026-09-12 10:00:00,2026-09-12 12:00:00,,,0,2.0,0,1700,0.0,D. Kulkarni,"Routine inspection done. Lubrication checked, fasteners tightened, no abnormality found."
WO-00016,AST-007,INSPECTION,MEDIUM,COMPLETED,2026-09-13 09:00:00,2026-09-13 09:00:00,2026-09-13 10:30:00,,,0,1.5,0,1275,0.0,R. Patil,Operator reported unusual noise near the bearing. Readings slightly above normal. Advised to monitor and re-check within 3 days.
WO-00181,AST-030,PREVENTIVE,LOW,COMPLETED,2026-09-13 10:00:00,2026-09-13 10:00:00,2026-09-13 12:00:00,,,0,2.0,0,1700,0.0,D. Kulkarni,Monthly preventive check completed. Filters cleaned and readings recorded within normal range.
WO-00024,AST-010,CORRECTIVE,MEDIUM,COMPLETED,2026-09-13 12:30:00,2026-09-13 14:56:27,2026-09-14 03:30:00,IMBALANCE_MISALIGNMENT,SP-003-CHE,1,5.0,6114,10364,0.0,R. Patil,"Coupling bolts loose and slight shaft misalignment found. Re-aligned, tightened foundation bolts and balanced the rotor. Vibration back to 2.4 mm/s."
WO-00153,AST-023,PREVENTIVE,LOW,COMPLETED,2026-09-14 10:00:00,2026-09-14 10:00:00,2026-09-14 12:00:00,,,0,2.0,0,1700,0.0,D. Kulkarni,Monthly preventive check completed. Filters cleaned and readings recorded within normal range.
WO-00021,AST-008,CORRECTIVE,HIGH,COMPLETED,2026-09-15 08:00:00,2026-09-15 08:56:00,2026-09-16 02:00:00,OVERHEATING,SP-006-AUR,1,2.6,2975,5185,0.0,R. Patil,Cooling fan failure caused a high temperature trip. Fan assembly replaced and heat sink cleaned. Running temperature 46 C after restart.
WO-00015,AST-007,CORRECTIVE,HIGH,COMPLETED,2026-09-16 09:00:00,2026-09-16 10:25:10,2026-09-18 01:00:00,BEARING_WEAR,SP-001-CHE,1,13.7,4067,15712,0.0,M. Deshmukh,"Noise and high vibration reported before the stop. Bearing race scoring found. Bearing replaced, run test OK at 2.3 mm/s."
WO-00044,AST-017,CORRECTIVE,LOW,COMPLETED,2026-09-16 14:30:00,2026-09-16 17:39:23,2026-09-17 04:30:00,IMBALANCE_MISALIGNMENT,SP-003-AUR,1,12.3,6185,16640,0.0,A. Khan,Worn coupling element caused imbalance. Element replaced and shaft re-aligned. Vibration 3.0 mm/s after restart.
WO-00137,AST-019,PREVENTIVE,LOW,COMPLETED,2026-09-18 10:00:00,2026-09-18 10:00:00,2026-09-18 12:00:00,,,0,2.0,0,1700,0.0,M. Deshmukh,Monthly preventive check completed. Filters cleaned and readings recorded within normal range.
WO-00173,AST-028,PREVENTIVE,LOW,COMPLETED,2026-09-18 10:00:00,2026-09-18 10:00:00,2026-09-18 12:00:00,,,0,2.0,0,1700,0.0,V. Joshi,"Routine inspection done. Lubrication checked, fasteners tightened, no abnormality found."
WO-00097,AST-009,PREVENTIVE,LOW,COMPLETED,2026-09-19 10:00:00,2026-09-19 10:00:00,2026-09-19 12:00:00,,,0,2.0,0,1700,0.0,V. Joshi,Monthly preventive check completed. Filters cleaned and readings recorded within normal range.
WO-00077,AST-004,PREVENTIVE,LOW,COMPLETED,2026-09-20 10:00:00,2026-09-20 10:00:00,2026-09-20 12:00:00,,,0,2.0,0,1700,0.0,V. Joshi,"Scheduled service completed. Belts and couplings inspected, no action needed."
WO-00161,AST-025,PREVENTIVE,LOW,COMPLETED,2026-09-20 10:00:00,2026-09-20 10:00:00,2026-09-20 12:00:00,,,0,2.0,0,1700,0.0,K. Nair,"Scheduled service completed. Belts and couplings inspected, no action needed."
WO-00133,AST-018,PREVENTIVE,LOW,COMPLETED,2026-09-20 10:00:00,2026-09-20 10:00:00,2026-09-20 12:00:00,,,0,2.0,0,1700,0.0,P. Reddy,"Routine inspection done. Lubrication checked, fasteners tightened, no abnormality found."
WO-00069,AST-002,PREVENTIVE,LOW,COMPLETED,2026-09-21 10:00:00,2026-09-21 10:00:00,2026-09-21 12:00:00,,,0,2.0,0,1700,0.0,K. Nair,Monthly preventive check completed. Filters cleaned and readings recorded within normal range.
WO-00113,AST-013,PREVENTIVE,LOW,COMPLETED,2026-09-22 10:00:00,2026-09-22 10:00:00,2026-09-22 12:00:00,,,0,2.0,0,1700,0.0,P. Reddy,Monthly preventive check completed. Filters cleaned and readings recorded within normal range.
WO-00125,AST-016,PREVENTIVE,LOW,COMPLETED,2026-09-22 10:00:00,2026-09-22 10:00:00,2026-09-22 12:00:00,,,0,2.0,0,1700,0.0,D. Kulkarni,Monthly preventive check completed. Filters cleaned and readings recorded within normal range.
WO-00121,AST-015,PREVENTIVE,LOW,COMPLETED,2026-09-23 10:00:00,2026-09-23 10:00:00,2026-09-23 12:00:00,,,0,2.0,0,1700,0.0,M. Deshmukh,"Scheduled service completed. Belts and couplings inspected, no action needed."
WO-00109,AST-012,PREVENTIVE,LOW,COMPLETED,2026-09-24 10:00:00,2026-09-24 10:00:00,2026-09-24 12:00:00,,,0,2.0,0,1700,0.0,P. Reddy,"Routine inspection done. Lubrication checked, fasteners tightened, no abnormality found."
WO-00165,AST-026,PREVENTIVE,LOW,COMPLETED,2026-09-24 10:00:00,2026-09-24 10:00:00,2026-09-24 12:00:00,,,0,2.0,0,1700,0.0,S. Iyer,"Routine inspection done. Lubrication checked, fasteners tightened, no abnormality found."
WO-00149,AST-022,PREVENTIVE,LOW,COMPLETED,2026-09-25 10:00:00,2026-09-25 10:00:00,2026-09-25 12:00:00,,,0,2.0,0,1700,0.0,S. Iyer,"Scheduled service completed. Belts and couplings inspected, no action needed."
